model,rmse,mae,r2,mape
Random Forest,13.115232455081129,7.620995777384417,0.4665657392555229,153.1807280194704
